Time,Heart Rate
0,1.2251
0.1,1.20863
0.335483,1.17069
0.619446,1.12856
0.971002,1.08519
1.35356,1.0521
1.76823,1.03399
2.20788,1.0331
2.66699,1.04737
3.13431,1.07126
3.60799,1.09844
4.09073,1.12349
4.55002,1.14404
5.1554,1.17509
5.77462,1.21498
6.36256,1.25328
6.94851,1.28018
7.50081,1.28746
8.0423,1.27587
8.56834,1.25009
9.08406,1.21653
9.59431,1.18036
10.1111,1.14435
10.6463,1.11019
11.2127,1.07997
11.8119,1.05803
12.4113,1.0501
12.9869,1.05796
13.5401,1.07968
14.0768,1.11181
14.6044,1.15025
15.13,1.19055
15.6603,1.22814
16.2015,1.25859
16.7578,1.27793
17.3239,1.28334
17.8835,1.27454
18.4307,1.25361
18.9682,1.22324
19.5008,1.18637
20.0337,1.1465
20.5723,1.1079
21.1213,1.07551
21.6813,1.0542
22.245,1.0473
22.7991,1.05507
23.3394,1.07529
23.8701,1.10518
24.3963,1.14186
24.9239,1.18202
25.4577,1.22152
26.0017,1.2554
26.5568,1.27859
27.1192,1.28741
27.6773,1.28101
28.2225,1.26151
28.7571,1.23202
29.286,1.19566
29.815,1.15571
30.3498,1.11603
30.8957,1.08123
31.4543,1.05635
32.0188,1.04549
32.5757,1.04984
33.1181,1.06763
33.6492,1.09605
34.1741,1.13214
34.6986,1.17261
35.2279,1.21346
35.7663,1.24983
36.3159,1.27659
36.8748,1.28956
37.4333,1.28706
37.9802,1.27056
38.5155,1.24306
39.0438,1.20769
39.5706,1.16765
40.1014,1.12664
40.6416,1.08919
41.1942,1.06037
41.7554,1.0448
42.3133,1.04466
42.8576,1.05884
43.3896,1.08468
43.9139,1.11925
44.4362,1.15943
44.9616,1.20143
45.4948,1.24058
46.0384,1.27164
46.5922,1.28989
47.15,1.29264
47.699,1.2804
48.2359,1.25594
48.7641,1.22241
49.289,1.18295
49.8159,1.14104
50.3503,1.10097
50.8963,1.06776
51.453,1.04647
52.0112,1.0404
52.5589,1.04958
53.093,1.07165
53.6177,1.10373
54.1383,1.1428
54.6601,1.18537
55.1878,1.22707
55.725,1.26269
56.2725,1.28705
56.8274,1.29645
57.3791,1.29004
57.9186,1.26998
58.448,1.23939
58.9718,1.20141
59.4955,1.15932
60.0242,1.11707
60.5629,1.07948
61.1131,1.05185
61.6697,1.03853
62.221,1.04107
62.7587,1.0579
63.2851,1.08621
63.805,1.12306
64.3238,1.16525
64.8464,1.20879
65.3769,1.24874
65.9172,1.27965
66.4667,1.29688
67.0193,1.29806
67.5628,1.28408
68.0947,1.25787
68.6187,1.2226
69.1401,1.1814
69.6639,1.13788
70.1951,1.09646
70.7375,1.06241
71.2895,1.04087
71.8427,1.03504
72.3855,1.04481
72.9153,1.06775
73.4361,1.10096
73.9531,1.14141
74.4713,1.18558
74.9953,1.22901
75.528,1.26628
76.0702,1.29202
76.6198,1.30246
77.1674,1.29662
77.7034,1.27661
78.2295,1.24561
78.75,1.20676
79.27,1.16331
79.7946,1.11924
80.3284,1.07944
80.873,1.04938
81.4243,1.03372
81.9721,1.03435
82.5072,1.04994
83.0309,1.07771
83.5478,1.11473
84.0629,1.15785
84.5811,1.20319
85.1063,1.24579
85.6404,1.27998
86.1832,1.30076
86.7312,1.30525
87.2727,1.29374
87.8028,1.26904
88.3245,1.23433
88.8425,1.19276
89.3619,1.14777
89.8874,1.10371
90.423,1.06585
90.9682,1.0397
91.5172,1.02917
92.0591,1.03502
92.5881,1.05516
93.1072,1.08669
93.6211,1.12667
94.1351,1.17177
94.6533,1.21774
95.1791,1.25922
95.7136,1.29046
96.256,1.30691
96.8011,1.30658
97.3371,1.29071
97.8624,1.26241
98.3808,1.22485
98.8971,1.1812
99.416,1.13513
99.9421,1.09132
100.478,1.05532
101.023,1.03251
101.569,1.02608
102.105,1.0359
102.629,1.05948
103.145,1.09389
103.657,1.13615
104.17,1.18276
104.688,1.22911
105.213,1.26957
105.747,1.29837
106.289,1.31147
106.83,1.30754
107.362,1.28847
107.883,1.2575
108.399,1.21778
108.914,1.17251
109.432,1.12559
109.959,1.08196
110.495,1.04739
111.038,1.02705
111.58,1.02354
112.112,1.03615
112.632,1.06218
113.145,1.09871
113.655,1.14272
114.167,1.19053
114.684,1.2373
115.209,1.27713
115.742,1.30434
116.281,1.3152
116.82,1.3089
117.348,1.28769
117.867,1.25487
118.38,1.21356
118.894,1.16702
119.411,1.11929
119.937,1.07554
120.471,1.04166
121.012,1.0227
121.552,1.02089
122.08,1.03517
122.598,1.06274
123.108,1.10071
123.617,1.14602
124.127,1.19489
124.644,1.24228
125.167,1.28214
125.698,1.30877
126.235,1.31864
126.77,1.31119
127.296,1.28884
127.812,1.25492
128.324,1.21254
128.836,1.16497
129.353,1.11635
129.877,1.07199
130.41,1.03792
130.948,1.01914
131.485,1.01775
132.011,1.03259
132.526,1.06084
133.035,1.09958
133.542,1.14579
134.051,1.19563
134.566,1.24399
135.087,1.28465
135.615,1.31185
136.149,1.32205
136.683,1.31467
137.207,1.29217
137.722,1.25789
138.232,1.21494
138.742,1.16659
139.257,1.11696
139.779,1.07144
140.309,1.03616
140.845,1.01628
141.38,1.014
141.905,1.02829
142.419,1.0563
142.926,1.09514
143.431,1.14181
143.938,1.19254
144.451,1.24221
144.97,1.28452
145.495,1.31349
146.026,1.32538
146.558,1.31936
147.081,1.29774
147.594,1.26389
148.103,1.22094
148.612,1.17208
149.124,1.12137
149.644,1.07414
150.171,1.03666
150.704,1.01435
151.237,1.00982
151.761,1.02234
152.275,1.04914
152.781,1.08732
153.285,1.13393
153.79,1.18536
154.3,1.2366
154.816,1.28134
155.337,1.31328
155.865,1.32826
156.396,1.32499
156.918,1.3054
157.431,1.27287
157.939,1.23057
158.446,1.18162
158.956,1.12988
159.473,1.08055
159.997,1.03994
160.526,1.01392
161.057,1.00569
161.582,1.01511
162.095,1.0396
162.601,1.07623
163.103,1.12211
163.606,1.17385
164.114,1.22673
164.627,1.2745
165.144,1.31052
165.668,1.33001
166.197,1.331
166.719,1.31475
167.233,1.28458
167.74,1.24374
168.245,1.19529
168.753,1.14283
169.266,1.09125
169.786,1.04682
170.312,1.01586
170.841,1.00243
171.366,1.00724
171.88,1.02815
172.386,1.06216
172.887,1.10646
173.388,1.15788
173.892,1.2121
174.402,1.26318
174.916,1.3042
175.436,1.32955
175.961,1.33642
176.484,1.32507
176.998,1.29851
177.506,1.26015
178.01,1.21302
178.515,1.16042
179.024,1.10684
179.54,1.05825
180.062,1.02136
180.588,1.00126
181.113,0.999793
181.629,1.0156
182.136,1.04573
182.637,1.08733
183.136,1.13748
183.637,1.19237
184.143,1.24655
184.654,1.29311
185.169,1.3255
185.689,1.33987
186.213,1.33524
186.729,1.31385
187.236,1.27922
187.74,1.23448
188.243,1.18269
188.748,1.12778
189.26,1.07525
189.778,1.03186
190.3,1.0038
190.824,0.994264
191.343,1.00316
191.851,1.02787
192.352,1.06543
192.85,1.11306
193.349,1.16747
193.852,1.22393
194.359,1.27591
194.869,1.31618
195.384,1.3395
195.905,1.3436
196.423,1.32932
196.932,1.3
197.436,1.259
197.937,1.20929
198.44,1.15424
198.947,1.09864
199.461,1.04887
199.979,1.01194
200.499,0.992683
201.019,0.992564
201.531,1.00996
202.033,1.04184
202.531,1.08539
203.028,1.13776
203.527,1.19502
204.03,1.25145
204.538,1.29974
205.047,1.33314
205.562,1.34787
206.081,1.34307
206.593,1.32108
207.098,1.28549
207.598,1.23943
208.099,1.18588
208.602,1.12876
209.11,1.07369
209.624,1.02777
210.141,0.997503
210.66,0.986222
211.175,0.993971
211.68,1.01817
212.179,1.05583
212.674,1.10423
213.17,1.16024
213.67,1.21921
214.173,1.27449
214.679,1.31842
215.188,1.34525
215.703,1.35242
216.219,1.34036
216.725,1.31232
217.226,1.27177
217.725,1.22167
218.225,1.16519
218.728,1.10688
219.237,1.05313
219.751,1.01138
220.266,0.987202
220.782,0.982657
221.292,0.996678
221.793,1.02626
222.288,1.06855
222.782,1.12084
223.278,1.17962
223.778,1.2395
224.281,1.29307
224.785,1.33276
225.292,1.35388
225.807,1.35483
226.318,1.33712
226.821,1.3044
227.319,1.25995
227.816,1.20663
228.316,1.14792
228.82,1.08895
229.329,1.03679
229.84,0.99884
230.353,0.979707
230.866,0.980477
231.372,0.999289
231.869,1.03303
232.362,1.07898
232.856,1.13438
233.351,1.1953
233.85,1.25567
234.352,1.30755
234.854,1.3437
235.361,1.3603
235.873,1.35649
236.38,1.33459
236.88,1.29833
237.377,1.25085
237.873,1.19498
238.372,1.13449
238.876,1.07507
239.384,1.02425
239.893,0.98926
240.404,0.973874
240.914,0.978505
241.416,1.00078
241.911,1.03762
242.402,1.08639
242.895,1.14425
243.39,1.20691
243.888,1.26775
244.388,1.31843
244.888,1.35209
245.393,1.36554
245.903,1.35845
246.407,1.33363
246.905,1.29484
247.4,1.24509
247.896,1.18721
248.394,1.12521
248.897,1.0652
249.404,1.01509
249.91,0.981898
250.419,0.968842
250.926,0.975903
251.425,1.00043
251.918,1.03937
252.409,1.09018
252.9,1.14996
253.394,1.21416
253.892,1.27575
254.39,1.3261
254.887,1.35856
255.39,1.37034
255.898,1.3614
256.4,1.33487
256.896,1.29447
257.389,1.24315
257.884,1.18372
258.382,1.12033
258.884,1.05937
259.389,1.00903
259.893,0.97629
260.399,0.964066
260.904,0.972144
261.401,0.997738
261.892,1.03782
262.382,1.08991
262.872,1.15112
263.366,1.21679
263.862,1.27963
264.358,1.33073
264.852,1.36343
265.353,1.37508
265.859,1.36575
266.359,1.33866
266.853,1.29757
267.346,1.24537
267.839,1.18484
268.336,1.12011
268.837,1.0577
269.34,1.00604
269.841,0.972281
270.345,0.959332
270.848,0.966991
271.344,0.992468
271.834,1.03271
272.322,1.08528
272.811,1.14741
273.304,1.21448
273.799,1.27916
274.293,1.33222
274.784,1.3667
275.282,1.37985
275.786,1.37162
276.284,1.34515
276.777,1.30429
277.269,1.25197
277.761,1.19084
278.257,1.12487
278.756,1.06051
279.258,1.00637
279.756,0.970061
280.257,0.954768
280.759,0.960503
281.254,0.984618
281.743,1.02397
282.23,1.07616
282.718,1.13857
283.209,1.20688
283.703,1.2739
284.195,1.33015
284.684,1.36799
285.178,1.38433
285.68,1.37881
286.178,1.35423
286.67,1.31463
287.16,1.263
287.651,1.2019
288.145,1.13495
288.643,1.06832
289.143,1.01062
289.639,0.970189
290.137,0.950873
290.637,0.953059
291.132,0.974448
291.62,1.01176
292.106,1.06256
292.593,1.12447
293.083,1.1936
293.575,1.26321
294.067,1.32376
294.553,1.36657
295.042,1.38784
295.541,1.38677
296.039,1.36555
296.53,1.32835
297.019,1.27837
297.509,1.2181
298.001,1.15069
298.497,1.08175
298.996,1.01969
299.491,0.973615
299.985,0.948542
300.483,0.945404
300.978,0.962523
301.465,0.996514
301.951,1.04478
302.436,1.10514
302.925,1.17434
303.415,1.24635
303.907,1.31194
304.392,1.36127
304.876,1.38926
305.371,1.39454
305.868,1.3784
306.359,1.34493
306.847,1.2977
307.335,1.23925
307.826,1.17224
308.32,1.10145
308.817,1.0347
309.312,0.981662
309.802,0.949085
310.297,0.938735
310.792,0.949777
311.28,0.978973
311.765,1.02341
312.249,1.08097
312.736,1.14906
313.225,1.22269
313.716,1.29341
314.202,1.35057
314.682,1.38704
315.17,1.40067
315.666,1.39167
316.157,1.36354
316.645,1.32035
317.132,1.26489
317.621,1.19947
318.113,1.12784
318.607,1.05681
319.102,0.996016
319.591,0.95423
320.081,0.934741
320.575,0.937586
321.065,0.960243
321.549,0.999351
322.032,1.05266
322.517,1.11809
323.004,1.19188
323.494,1.26688
323.982,1.33255
324.461,1.37922
324.941,1.40316
325.432,1.40369
325.925,1.38295
326.412,1.34538
326.898,1.29427
327.385,1.2319
327.875,1.161
328.367,1.08697
328.862,1.0186
329.352,0.966171
329.837,0.935609
330.327,0.927941
330.819,0.941882
331.303,0.973932
331.785,1.02137
332.268,1.08232
332.754,1.1542
333.242,1.23158
333.731,1.30511
334.212,1.36336
334.687,1.39953
335.17,1.41202
335.662,1.40134
336.15,1.37136
336.635,1.32617
337.12,1.26844
337.607,1.20026
338.098,1.12538
338.591,1.05099
339.083,0.987451
339.567,0.943967
340.051,0.923556
340.542,0.926087
341.028,0.948967
341.51,0.988739
341.991,1.04328
342.474,1.11078
342.961,1.18769
343.449,1.26673
343.935,1.33668
344.409,1.3869
344.883,1.41354
345.369,1.41602
345.858,1.3963
346.343,1.35902
346.826,1.30762
347.311,1.24428
347.8,1.17132
348.291,1.0938
348.783,1.02064
349.27,0.962934
349.75,0.927666
350.234,0.915968
350.723,0.926853
351.206,0.956847
351.686,1.00302
352.167,1.06363
352.651,1.13666
353.138,1.21734
353.626,1.29655
354.106,1.36187
354.575,1.40472
355.05,1.42316
355.537,1.41734
356.023,1.39059
356.505,1.34752
356.988,1.291
357.474,1.22289
357.963,1.14607
358.454,1.06695
358.944,0.995899
359.426,0.943894
359.903,0.915535
360.388,0.910984
360.873,0.928407
361.353,0.964028
361.832,1.01546
362.314,1.08122
362.799,1.15886
363.286,1.24232
363.772,1.32086
364.246,1.38162
364.712,1.41834
365.188,1.43011
365.675,1.41778
366.157,1.38569
366.638,1.33806
367.121,1.27734
367.607,1.20524
368.096,1.12529
368.587,1.04518
369.075,0.976377
369.551,0.929103
370.026,0.906122
370.511,0.907072
370.994,0.92938
371.472,0.969348
371.95,1.02502
372.432,1.09505
372.918,1.17651
373.405,1.26216
373.888,1.33987
374.357,1.39699
374.821,1.42908
375.297,1.4358
375.782,1.4187
376.263,1.38267
376.743,1.33156
377.225,1.26748
377.712,1.19208
378.201,1.10952
378.691,1.02855
379.175,0.96144
379.647,0.917496
380.121,0.89827
380.605,0.903071
381.085,0.928794
381.562,0.971935
382.041,1.03085
382.523,1.10431
383.009,1.18897
383.496,1.27661
383.976,1.354
384.441,1.40883
384.902,1.43794
385.378,1.4413
385.861,1.42104
386.34,1.3823
386.819,1.32868
387.301,1.26206
387.788,1.184
388.277,1.09913
388.766,1.017
389.248,0.950527
389.716,0.908301
390.188,0.891158
390.671,0.898192
391.149,0.925967
391.625,0.971137
392.103,1.03228
392.586,1.10833
393.072,1.19568
393.558,1.28546
394.037,1.36354
394.498,1.41773
394.957,1.44559
395.432,1.44733
395.913,1.42539
396.39,1.38511
396.869,1.32994
397.351,1.26158
397.837,1.1815
398.326,1.09447
398.814,1.01061
399.293,0.943339
399.759,0.9011
400.229,0.884319
400.71,0.89198
401.187,0.920491
401.662,0.966539
402.14,1.02886
402.622,1.10658
403.108,1.19616
403.595,1.28841
404.072,1.36855
404.53,1.4239
404.986,1.45234
405.459,1.45424
405.939,1.43209
406.414,1.39138
406.892,1.33562
407.373,1.26642
407.86,1.18498
408.348,1.09594
408.836,1.00959
409.313,0.939913
409.776,0.895833
410.243,0.877643
410.723,0.884294
411.199,0.912219
411.673,0.957955
412.15,1.02031
412.632,1.09869
413.118,1.18995
413.605,1.28501
414.083,1.36873
414.539,1.42721
414.991,1.45814
415.46,1.46204
415.939,1.44118
416.413,1.40122
416.889,1.34585
417.37,1.27674
417.856,1.19475
418.344,1.10396
418.831,1.01447
419.309,0.940668
419.77,0.892818
420.233,0.871386
420.711,0.875307
421.186,0.901266
421.658,0.945452
422.134,1.00663
422.616,1.08448
423.103,1.17663
423.589,1.2746
424.069,1.36336
424.525,1.42708
424.973,1.46251
425.437,1.47037
425.914,1.45246
426.387,1.41446
426.862,1.36053
427.341,1.29251
427.826,1.21097
428.315,1.11899
428.802,1.02598
429.281,0.946459
429.741,0.892776
430.199,0.866194
430.673,0.865529
431.149,0.888021
431.62,0.929355
432.095,0.988068
432.575,1.06401
433.062,1.15587
433.548,1.25639
434.031,1.35123
434.49,1.42249
434.934,1.46456
435.391,1.47843
435.866,1.46539
436.338,1.43073
436.811,1.37937
437.288,1.31351
437.772,1.23359
438.261,1.14142
438.748,1.04506
439.23,0.958624
439.691,0.896883
440.144,0.863118
440.612,0.855879
441.089,0.873173
441.559,0.910285
442.032,0.965193
442.51,1.03774
442.996,1.12769
443.484,1.22972
443.968,1.33082
444.434,1.41191
444.876,1.46296
445.324,1.48498
445.794,1.47904
446.266,1.44935
446.737,1.4018
447.213,1.3392
447.694,1.2622
448.182,1.17134
448.67,1.07253
449.154,0.978858
449.621,0.906808
450.07,0.863632
450.529,0.847757
451.006,0.857742
451.475,0.889157
451.946,0.938872
452.422,1.00649
452.906,1.09254
453.395,1.19418
453.881,1.30049
454.356,1.39315
454.801,1.45584
455.241,1.48833
455.701,1.49194
456.173,1.46934
456.642,1.42703
457.115,1.36881
457.594,1.29598
458.08,1.20829
458.569,1.10886
459.054,1.00884
459.529,0.924809
459.979,0.869669
460.429,0.843022
460.9,0.843236
461.371,0.867174
461.839,0.910243
462.313,0.971456
462.794,1.05146
463.282,1.14994
463.77,1.25917
464.253,1.36315
464.707,1.44066
465.142,1.4862
465.589,1.50191
466.059,1.48926
466.527,1.45396
466.996,1.40145
467.472,1.33393
467.955,1.25128
468.445,1.15398
468.932,1.04979
469.412,0.953904
469.87,0.883845
470.313,0.843985
470.771,0.831917
471.246,0.845909
471.713,0.880813
472.183,0.934222
472.66,1.00635
473.146,1.09841
473.636,1.20701
474.122,1.31919
474.593,1.41411
475.029,1.47582
475.465,1.50618
475.923,1.50681
476.392,1.48103
476.859,1.43583
477.33,1.37475
477.809,1.29863
478.297,1.20659
478.787,1.10178
479.27,0.99677
479.741,0.909603
480.185,0.853483
480.629,0.826756
481.098,0.827523
481.568,0.852361
482.034,0.896477
482.506,0.959243
482.988,1.04192
483.479,1.14505
483.968,1.26058
484.45,1.3713
484.901,1.45342
485.33,1.50144
485.771,1.51847
486.238,1.50611
486.703,1.47036
487.17,1.41709
487.645,1.34855
488.127,1.26425
488.618,1.16364
489.106,1.05404
489.585,0.951461
490.041,0.875253
490.478,0.831023
490.929,0.815517
491.403,0.827068
491.867,0.860333
492.335,0.912484
492.811,0.983917
493.298,1.07675
493.791,1.18934
494.277,1.30881
494.752,1.41403
495.187,1.48376
495.614,1.52013
496.063,1.52553
496.531,1.5027
496.994,1.4592
497.463,1.39923
497.94,1.32399
498.427,1.23196
498.919,1.12408
499.403,1.01211
499.876,0.914386
500.319,0.848608
500.755,0.81416
501.215,0.808179
501.686,0.828156
502.148,0.868227
502.618,0.927319
503.098,1.00677
503.589,1.10898
504.081,1.22901
504.566,1.35023
505.027,1.44756
505.452,1.50716
505.881,1.53388
506.338,1.52957
506.802,1.49887
507.265,1.44925
507.736,1.38376
508.216,1.30253
508.706,1.20345
509.197,1.0899
509.678,0.977079
510.143,0.885275
510.576,0.827891
511.013,0.801167
511.481,0.802891
511.946,0.829067
512.41,0.874665
512.882,0.939641
513.365,1.02631
513.859,1.13684
514.35,1.26246
514.833,1.38412
515.28,1.47374
515.699,1.52557
516.131,1.54456
516.593,1.53255
517.054,1.49603
517.518,1.44157
517.991,1.37154
518.473,1.28503
518.966,1.17972
519.455,1.06185
519.933,0.94886
520.388,0.862545
520.816,0.811375
521.255,0.790503
521.728,0.798094
522.189,0.828739
522.653,0.878684
523.127,0.948511
523.614,1.04146
524.111,1.15913
524.599,1.28912
525.08,1.4107
525.515,1.49434
525.932,1.5405
526.366,1.55363
526.83,1.53587
527.289,1.49511
527.754,1.43695
528.228,1.36329
528.712,1.27235
529.207,1.16173
529.694,1.0404
530.17,0.927194
530.616,0.844872
531.04,0.79786
531.482,0.781056
531.956,0.792696
532.414,0.826377
532.88,0.879452
533.355,0.952976
533.844,1.051
534.343,1.17456
534.83,1.30829
535.308,1.43025
535.735,1.51031
536.149,1.55292
536.585,1.56216
537.049,1.5406
537.506,1.49696
537.972,1.43619
538.446,1.35988
538.933,1.26556
539.429,1.15066
539.914,1.02628
540.387,0.912083
540.828,0.831603
541.249,0.786674
541.692,0.772072
542.166,0.785961
542.622,0.821336
543.088,0.876248
543.564,0.952112
544.056,1.05367
544.556,1.18187
545.041,1.31916
545.518,1.44301
545.94,1.52218
546.352,1.56348
546.788,1.57094
547.25,1.54742
547.706,1.50219
548.171,1.4399
548.646,1.36201
549.134,1.26557
549.631,1.14752
550.115,1.02014
550.587,0.903631
551.024,0.822471
551.442,0.777485
551.884,0.763117
552.358,0.777502
552.813,0.813239
553.278,0.868634
553.755,0.945296
554.247,1.04856
554.75,1.18008
555.233,1.32094
555.711,1.4489
556.13,1.53009
556.539,1.57244
556.972,1.58035
557.434,1.5567
557.888,1.51111
558.353,1.44839
558.828,1.37005
559.315,1.27293
559.813,1.15305
560.298,1.02259
560.769,0.902223
561.206,0.817587
561.621,0.770316
562.059,0.754141
562.533,0.767258
562.986,0.802033
563.451,0.856533
563.927,0.932344
564.419,1.03521
564.924,1.16847
565.407,1.31287
565.887,1.44721
566.307,1.5337
566.712,1.5796
567.14,1.59032
567.601,1.56846
568.054,1.52383
568.517,1.46175
568.991,1.38409
569.477,1.28786
569.976,1.16785
570.463,1.03438
570.934,0.908833
571.373,0.817579
571.785,0.76563
572.216,0.745526
572.692,0.755442
573.144,0.78793
573.607,0.840128
574.081,0.913411
574.572,1.01358
575.078,1.14631
575.563,1.29404
576.045,1.43597
576.471,1.53189
576.872,1.58415
577.291,1.60029
577.75,1.58257
578.201,1.54033
578.662,1.48011
579.134,1.40431
579.618,1.31055
580.117,1.19274
580.608,1.05678
581.079,0.925394
581.526,0.823919
581.936,0.764479
582.358,0.738138
582.83,0.742467
583.283,0.771198
583.742,0.819513
584.214,0.888523
584.701,0.983491
585.208,1.1122
585.699,1.26264
586.177,1.41146
586.618,1.52248
587.015,1.58446
587.425,1.60903
587.877,1.59852
588.329,1.56047
588.785,1.50359
589.254,1.43083
589.735,1.34113
590.231,1.22832
590.73,1.09163
591.201,0.95456
591.659,0.839356
592.071,0.768725
592.483,0.733446
592.941,0.729314
593.401,0.752391
593.853,0.795041
594.322,0.858024
594.805,0.945279
595.307,1.06541
595.81,1.21657
596.283,1.37043
596.692,1.48844
597.084,1.56908
597.47,1.61061
597.893,1.61745
598.348,1.59142
598.795,1.54341
599.256,1.47808
599.73,1.39717
599.988,1.34678
600.245,1.29111
600.488,1.23471
600.889,1.13955
601.286,1.0534
601.701,0.986571
602.113,0.951229
602.563,0.94347
602.983,0.956778
603.412,0.984161
603.861,1.02436
604.34,1.08064
604.773,1.15196
605.329,1.28857
605.799,1.44498
606.275,1.61847
606.714,1.75925
607.11,1.84911
607.514,1.89925
607.956,1.91284
608.391,1.8959
608.829,1.85879
609.281,1.80613
609.751,1.73813
610.236,1.64958
610.746,1.52949
611.242,1.38821
611.723,1.24965
612.169,1.14383
612.593,1.07675
613.035,1.04244
613.494,1.03862
613.933,1.05786
614.38,1.09577
614.839,1.15233
615.311,1.23124
615.802,1.33819
616.301,1.47011
616.791,1.60604
617.249,1.7153
617.676,1.78657
618.116,1.82465
618.58,1.83091
619.034,1.81135
619.491,1.77292
619.957,1.71835
620.436,1.64666
620.929,1.55413
621.432,1.44126
621.927,1.32315
622.406,1.22113
622.859,1.15059
623.314,1.11023
623.787,1.09859
624.246,1.11142
624.703,1.14338
625.165,1.19307
625.636,1.26167
626.12,1.35103
626.613,1.45807
627.105,1.56911
627.578,1.66278
628.029,1.72731
628.49,1.76291
628.968,1.76991
629.438,1.75269
629.907,1.71702
630.381,1.66545
630.864,1.59794
631.358,1.51368
631.859,1.41651
632.358,1.31876
632.845,1.2371
633.317,1.1814
633.797,1.15237
634.281,1.14925
634.752,1.1676
635.22,1.20371
635.692,1.25635
636.171,1.32558
636.659,1.41001
637.153,1.50286
637.644,1.59075
638.12,1.65926
638.596,1.70307
639.086,1.72096
639.575,1.71421
640.056,1.68792
640.538,1.64561
641.024,1.58879
641.517,1.51811
642.018,1.43661
642.522,1.35255
643.024,1.27839
643.517,1.2246
644.014,1.19462
644.513,1.18878
644.999,1.20384
645.479,1.23608
645.959,1.28359
646.444,1.34522
646.935,1.41858
647.431,1.4976
647.93,1.57187
648.423,1.63034
648.92,1.66736
649.428,1.68085
649.93,1.67209
650.424,1.64543
650.916,1.60397
651.41,1.54956
651.91,1.48414
652.416,1.41207
652.928,1.3413
653.44,1.28196
653.953,1.24163
654.469,1.22329
654.978,1.2265
655.473,1.24774
655.964,1.28409
656.454,1.33356
656.948,1.39398
657.448,1.46119
657.954,1.52806
658.463,1.58536
658.976,1.6257
659.499,1.64532
660.02,1.64361
660.529,1.62386
661.032,1.58948
661.534,1.54295
662.039,1.48659
662.551,1.42421
663.07,1.36209
663.595,1.30842
664.126,1.27055
664.659,1.25251
665.183,1.25452
665.693,1.27359
666.195,1.30677
666.695,1.35167
667.197,1.40568
667.706,1.46463
668.223,1.52223
668.746,1.57085
669.279,1.60404
669.82,1.61807
670.353,1.61284
670.873,1.59151
671.387,1.55721
671.899,1.51253
672.415,1.46038
672.937,1.40506
673.47,1.35264
674.012,1.31021
674.562,1.28367
675.109,1.27587
675.641,1.28558
676.159,1.30976
676.671,1.34571
677.182,1.39077
677.698,1.44158
678.222,1.49325
678.757,1.53953
679.303,1.57404
679.86,1.59204
680.412,1.59195
680.949,1.57602
681.477,1.54738
682,1.50883
682.525,1.4633
683.056,1.41461
683.599,1.36795
684.155,1.3294
684.722,1.30473
685.286,1.29717
685.833,1.3059
686.365,1.32809
686.889,1.36097
687.413,1.40175
687.94,1.44702
688.477,1.49223
689.028,1.53181
689.594,1.56011
690.169,1.57283
690.733,1.56912
691.281,1.55143
691.82,1.52272
692.355,1.48585
692.892,1.44396
693.439,1.40103
693.999,1.36203
694.577,1.33248
695.162,1.31721
695.735,1.31777
696.289,1.3322
696.83,1.35772
697.366,1.39155
697.903,1.43064
698.449,1.47119
699.008,1.50854
699.585,1.5375
700.176,1.55334
700.761,1.55392
701.328,1.54083
701.882,1.51691
702.43,1.48504
702.979,1.44823
703.536,1.41007
704.108,1.37492
704.699,1.34775
705.302,1.33326
705.892,1.33336
706.462,1.34635
707.018,1.36956
707.567,1.40021
708.118,1.43527
708.678,1.47113
709.253,1.50351
709.85,1.52769
710.459,1.53937
711.056,1.53708
711.635,1.52272
712.201,1.49904
712.762,1.4689
713.326,1.43535
713.901,1.40195
714.494,1.37289
715.108,1.35277
715.725,1.34541
716.322,1.35109
716.9,1.36756
717.467,1.39215
718.03,1.42203
718.599,1.45406
719.182,1.48455
719.785,1.50933
720.41,1.52407
721.03,1.52603
721.63,1.51613
722.215,1.49687
722.791,1.47103
723.367,1.4415
723.952,1.41151
724.556,1.38478
725.184,1.36551
725.82,1.35756
726.436,1.36175
727.032,1.37609
727.614,1.39799
728.193,1.42472
728.776,1.45326
729.374,1.4802
729.996,1.50169
730.639,1.51371
731.274,1.51395
731.888,1.50353
732.486,1.48493
733.076,1.46084
733.669,1.4341
734.273,1.40785
734.899,1.38563
735.55,1.3714
736.199,1.3682
736.824,1.37568
737.43,1.39163
738.025,1.41346
738.62,1.43844
739.225,1.46358
739.851,1.48551
740.503,1.50051
741.164,1.50529
741.803,1.49954
742.423,1.48531
743.031,1.46514
743.637,1.4417
744.252,1.41786
744.887,1.39679
745.55,1.38208
746.221,1.37704
746.868,1.38214
747.494,1.39543
748.107,1.41446
748.718,1.43663
749.338,1.45914
749.978,1.47888
750.647,1.49241
751.326,1.49662
751.983,1.49116
752.619,1.47797
753.243,1.45953
753.865,1.4384
754.498,1.4173
755.154,1.39927
755.839,1.38767
756.524,1.38529
757.184,1.39193
757.823,1.40554
758.451,1.42372
759.08,1.44392
759.723,1.46343
760.391,1.47925
761.087,1.48811
761.777,1.48788
762.441,1.47946
763.087,1.46499
763.725,1.44692
764.368,1.42775
765.029,1.41019
765.72,1.39722
766.429,1.39193
767.117,1.39531
767.78,1.40581
768.428,1.42117
769.073,1.439
769.728,1.45678
770.407,1.47177
771.117,1.48097
771.829,1.48199
772.515,1.47523
773.181,1.46268
773.837,1.44664
774.496,1.42951
775.173,1.41382
775.882,1.40234
776.61,1.39792
777.315,1.40144
777.995,1.41137
778.661,1.42552
779.324,1.44161
779.999,1.45721
780.702,1.46975
781.436,1.4764
782.162,1.4754
782.86,1.46766
783.54,1.4552
784.213,1.44028
784.895,1.42518
785.6,1.41235
786.34,1.40448
787.081,1.40378
787.793,1.40989
788.483,1.42094
789.164,1.43479
789.85,1.4492
790.558,1.46182
791.3,1.4701
792.054,1.4717
792.781,1.46661
793.485,1.45653
794.177,1.44358
794.873,1.42992
795.59,1.41782
796.342,1.40972
797.107,1.40794
797.843,1.41262
798.556,1.42212
799.256,1.43438
799.96,1.44729
800.685,1.45865
801.446,1.46606
802.221,1.46738
802.967,1.46256
803.689,1.45327
804.4,1.44152
805.117,1.42938
805.857,1.41898
806.634,1.41267
807.416,1.41237
808.166,1.41775
808.895,1.4271
809.614,1.43844
810.342,1.44976
811.097,1.45892
811.89,1.46367
812.676,1.46251
813.431,1.45626
814.167,1.4467
814.898,1.43578
815.644,1.42548
816.423,1.4179
817.231,1.4152
818.016,1.4181
818.772,1.42534
819.513,1.43508
820.256,1.4454
821.021,1.45436
821.825,1.45985
822.64,1.46011
823.422,1.45537
824.182,1.44723
824.932,1.43753
825.694,1.42815
826.489,1.42104
827.318,1.41822
828.127,1.42058
828.905,1.42698
829.667,1.43571
830.43,1.44493
831.217,1.4528
832.044,1.45736
832.879,1.45705
833.679,1.45229
834.457,1.44465
835.229,1.43591
836.016,1.42782
836.841,1.42226
837.692,1.421
838.513,1.42434
839.307,1.43094
840.088,1.43909
840.878,1.44707
841.7,1.4531
842.561,1.45538
843.403,1.45312
844.213,1.44741
845.007,1.43986
845.805,1.43216
846.631,1.42602
847.499,1.4232
848.359,1.42473
849.183,1.42978
849.988,1.4368
850.794,1.44414
851.626,1.45015
852.501,1.45313
853.376,1.45194
854.214,1.44731
855.031,1.44071
855.849,1.43376
856.692,1.42806
857.578,1.42524
858.465,1.42641
859.313,1.43086
860.141,1.43715
860.969,1.4437
861.824,1.44895
862.724,1.45132
863.62,1.44988
864.477,1.44541
865.316,1.43935
866.158,1.43324
867.032,1.42859
867.949,1.4269
868.849,1.42885
869.713,1.43348
870.562,1.43933
871.419,1.44494
872.313,1.44881
873.245,1.44956
874.147,1.44695
875.018,1.44212
875.879,1.43651
876.756,1.43155
877.677,1.42868
878.619,1.42906
879.52,1.43239
880.396,1.43737
881.271,1.44261
882.173,1.44671
883.123,1.4483
884.063,1.44669
884.963,1.44273
885.849,1.43775
886.744,1.43311
887.68,1.43017
888.65,1.43011
889.58,1.43286
890.483,1.43726
891.381,1.44196
892.305,1.44566
893.28,1.44706
894.245,1.44554
895.169,1.4419
896.078,1.43742
897.001,1.4334
897.968,1.43108
898.961,1.4315
899.91,1.43433
900.834,1.43843
901.76,1.44252
902.722,1.44536
903.73,1.44582
904.706,1.44372
905.648,1.44006
906.583,1.43608
907.545,1.43298
908.559,1.43191
909.56,1.4334
910.52,1.43664
911.467,1.44044
912.432,1.44362
913.449,1.44503
914.474,1.444
915.451,1.44112
916.412,1.43753
917.386,1.4344
918.409,1.43282
919.452,1.43357
920.445,1.43619
921.42,1.43957
922.404,1.44259
923.436,1.44417
924.494,1.44352
925.503,1.44108
926.491,1.43788
927.488,1.43503
928.535,1.43358
929.606,1.43426
930.627,1.43663
931.628,1.43966
932.64,1.44229
933.704,1.4435
934.786,1.44266
935.818,1.4403
936.832,1.43742
937.863,1.43508
938.948,1.43421
940.038,1.4353
941.078,1.4377
942.105,1.44039
943.158,1.44239
944.267,1.44281
945.359,1.44141
946.407,1.43898
947.452,1.43652
948.532,1.43496
949.663,1.43509
950.753,1.4368
951.81,1.43921
952.875,1.44135
953.989,1.44234
955.131,1.44162
956.218,1.43966
957.289,1.43737
958.381,1.43568
959.534,1.43538
960.669,1.43666
961.758,1.43875
962.848,1.44076
963.98,1.44184
965.156,1.44137
966.278,1.43968
967.378,1.43763
968.498,1.43609
969.679,1.43581
970.845,1.43697
971.964,1.43886
973.085,1.44062
974.252,1.44146
975.457,1.44087
976.604,1.43925
977.734,1.43745
978.894,1.43626
980.115,1.43634
981.297,1.43762
982.443,1.43935
983.603,1.44073
984.824,1.44106
986.042,1.44011
987.207,1.43852
988.375,1.43705
989.594,1.43645
990.843,1.4371
992.03,1.43853
993.21,1.44
994.43,1.44077
995.701,1.44037
996.913,1.43908
998.106,1.43765
999.333,1.4368
1000,1.43677
